[{"model": "contenttypes.contenttype", "pk": 1, "fields": {"app_label": "admin", "model": "logentry"}}, {"model": "contenttypes.contenttype", "pk": 2, "fields": {"app_label": "auth", "model": "permission"}}, {"model": "contenttypes.contenttype", "pk": 3, "fields": {"app_label": "auth", "model": "group"}}, {"model": "contenttypes.contenttype", "pk": 4, "fields": {"app_label": "auth", "model": "user"}}, {"model": "contenttypes.contenttype", "pk": 5, "fields": {"app_label": "contenttypes", "model": "contenttype"}}, {"model": "contenttypes.contenttype", "pk": 6, "fields": {"app_label": "sessions", "model": "session"}}, {"model": "contenttypes.contenttype", "pk": 7, "fields": {"app_label": "main_app", "model": "student"}}, {"model": "contenttypes.contenttype", "pk": 8, "fields": {"app_label": "main_app", "model": "subject"}}, {"model": "contenttypes.contenttype", "pk": 9, "fields": {"app_label": "main_app", "model": "studentenrollment"}}, {"model": "contenttypes.contenttype", "pk": 10, "fields": {"app_label": "main_app", "model": "studymaterial"}}, {"model": "contenttypes.contenttype", "pk": 11, "fields": {"app_label": "main_app", "model": "gallery"}}, {"model": "contenttypes.contenttype", "pk": 12, "fields": {"app_label": "main_app", "model": "newsandupdates"}}, {"model": "contenttypes.contenttype", "pk": 13, "fields": {"app_label": "main_app", "model": "registrationrequest"}}, {"model": "contenttypes.contenttype", "pk": 14, "fields": {"app_label": "main_app", "model": "assignments"}}, {"model": "contenttypes.contenttype", "pk": 15, "fields": {"app_label": "main_app", "model": "submittedassignment"}}, {"model": "sessions.session", "pk": "3fjbrnjevjani8z048ekxd9ydb6pj3br", "fields": {"session_data": "YjVjYWVhZjYyMGY1OGRiN2ZmMzkyMTgwZTJlNzM0YTdiNGJiYTQyNTp7Il9hdXRoX3VzZXJfaWQiOiIxIiwiX2F1dGhfdXNlcl9iYWNrZW5kIjoiZGphbmdvLmNvbnRyaWIuYXV0aC5iYWNrZW5kcy5Nb2RlbEJhY2tlbmQiLCJfYXV0aF91c2VyX2hhc2giOiJhZjBiMGFkNTQ3NTdlNDA3OGZjYzk5YmRmNjNmM2I4MmJkN2FhOWE5In0=", "expire_date": "2021-04-27T17:16:55.025Z"}}, {"model": "sessions.session", "pk": "f687ktrwz37embkl4qyp279fr1qks0yk", "fields": {"session_data": "YjVjYWVhZjYyMGY1OGRiN2ZmMzkyMTgwZTJlNzM0YTdiNGJiYTQyNTp7Il9hdXRoX3VzZXJfaWQiOiIxIiwiX2F1dGhfdXNlcl9iYWNrZW5kIjoiZGphbmdvLmNvbnRyaWIuYXV0aC5iYWNrZW5kcy5Nb2RlbEJhY2tlbmQiLCJfYXV0aF91c2VyX2hhc2giOiJhZjBiMGFkNTQ3NTdlNDA3OGZjYzk5YmRmNjNmM2I4MmJkN2FhOWE5In0=", "expire_date": "2021-03-15T15:52:47.296Z"}}, {"model": "sessions.session", "pk": "hu9py0p9s9d3axkiep91prw9xwzjyh5y", "fields": {"session_data": "YjVjYWVhZjYyMGY1OGRiN2ZmMzkyMTgwZTJlNzM0YTdiNGJiYTQyNTp7Il9hdXRoX3VzZXJfaWQiOiIxIiwiX2F1dGhfdXNlcl9iYWNrZW5kIjoiZGphbmdvLmNvbnRyaWIuYXV0aC5iYWNrZW5kcy5Nb2RlbEJhY2tlbmQiLCJfYXV0aF91c2VyX2hhc2giOiJhZjBiMGFkNTQ3NTdlNDA3OGZjYzk5YmRmNjNmM2I4MmJkN2FhOWE5In0=", "expire_date": "2021-03-17T07:30:25.543Z"}}, {"model": "sessions.session", "pk": "lzytrwphbqpuuxo2xobj2pezd7d0i6i6", "fields": {"session_data": "YjVjYWVhZjYyMGY1OGRiN2ZmMzkyMTgwZTJlNzM0YTdiNGJiYTQyNTp7Il9hdXRoX3VzZXJfaWQiOiIxIiwiX2F1dGhfdXNlcl9iYWNrZW5kIjoiZGphbmdvLmNvbnRyaWIuYXV0aC5iYWNrZW5kcy5Nb2RlbEJhY2tlbmQiLCJfYXV0aF91c2VyX2hhc2giOiJhZjBiMGFkNTQ3NTdlNDA3OGZjYzk5YmRmNjNmM2I4MmJkN2FhOWE5In0=", "expire_date": "2021-03-09T11:02:45.130Z"}}, {"model": "sessions.session", "pk": "y2gdykg6yi2xa4ndwjvtlg2c1uohsp9b", "fields": {"session_data": "YjVjYWVhZjYyMGY1OGRiN2ZmMzkyMTgwZTJlNzM0YTdiNGJiYTQyNTp7Il9hdXRoX3VzZXJfaWQiOiIxIiwiX2F1dGhfdXNlcl9iYWNrZW5kIjoiZGphbmdvLmNvbnRyaWIuYXV0aC5iYWNrZW5kcy5Nb2RlbEJhY2tlbmQiLCJfYXV0aF91c2VyX2hhc2giOiJhZjBiMGFkNTQ3NTdlNDA3OGZjYzk5YmRmNjNmM2I4MmJkN2FhOWE5In0=", "expire_date": "2021-03-12T14:00:03.908Z"}}, {"model": "main_app.gallery", "pk": 1, "fields": {"image": "1.png"}}, {"model": "main_app.gallery", "pk": 2, "fields": {"image": "2.jpg"}}, {"model": "main_app.gallery", "pk": 3, "fields": {"image": "3.jpg"}}, {"model": "main_app.gallery", "pk": 4, "fields": {"image": "4.jpg"}}, {"model": "main_app.gallery", "pk": 5, "fields": {"image": "5.jpg"}}, {"model": "main_app.gallery", "pk": 6, "fields": {"image": "6.jpg"}}, {"model": "main_app.gallery", "pk": 7, "fields": {"image": "7.jpg"}}, {"model": "main_app.gallery", "pk": 8, "fields": {"image": "8.jpg"}}, {"model": "main_app.gallery", "pk": 9, "fields": {"image": "9.jpg"}}, {"model": "main_app.gallery", "pk": 10, "fields": {"image": "10.jpg"}}, {"model": "main_app.gallery", "pk": 11, "fields": {"image": "11.jpg"}}, {"model": "main_app.gallery", "pk": 12, "fields": {"image": "12.png"}}, {"model": "main_app.gallery", "pk": 13, "fields": {"image": "13.jpg"}}, {"model": "main_app.gallery", "pk": 14, "fields": {"image": "14.jpg"}}, {"model": "main_app.gallery", "pk": 15, "fields": {"image": "15.jpg"}}, {"model": "main_app.gallery", "pk": 16, "fields": {"image": "16.jpg"}}, {"model": "main_app.gallery", "pk": 17, "fields": {"image": "17.jpg"}}, {"model": "main_app.gallery", "pk": 18, "fields": {"image": "18.jpg"}}, {"model": "main_app.gallery", "pk": 19, "fields": {"image": "19.jpg"}}, {"model": "main_app.gallery", "pk": 20, "fields": {"image": "20.jpg"}}, {"model": "main_app.gallery", "pk": 21, "fields": {"image": "33.jpg"}}, {"model": "main_app.gallery", "pk": 22, "fields": {"image": "45.jpg"}}, {"model": "main_app.gallery", "pk": 23, "fields": {"image": "51.jpg"}}, {"model": "main_app.gallery", "pk": 24, "fields": {"image": "1067.jpg"}}, {"model": "main_app.gallery", "pk": 25, "fields": {"image": "1114.jpg"}}, {"model": "main_app.subject", "pk": 1, "fields": {"name": "cloud Computing"}}, {"model": "main_app.subject", "pk": 5, "fields": {"name": "Data Structures and Algorithms"}}, {"model": "main_app.subject", "pk": 7, "fields": {"name": "Theory of Computation"}}, {"model": "main_app.subject", "pk": 8, "fields": {"name": "AWS Serverless"}}, {"model": "main_app.student", "pk": 1, "fields": {"name": "Aniket Vyas", "email": "aniket.vyas@spsu.ac.in", "phoneNumber": "9876543212", "university": "spsu"}}, {"model": "main_app.student", "pk": 2, "fields": {"name": "saurabh soni", "email": "saurabh.soni@spsu.ac.in", "phoneNumber": "9876543212", "university": "spsu"}}, {"model": "main_app.student", "pk": 4, "fields": {"name": "noel jolly", "email": "noel.jolly@spsu.ac.in", "phoneNumber": "9876543212", "university": "spsu"}}, {"model": "main_app.student", "pk": 5, "fields": {"name": "devesh ranjan", "email": "devesh.ranjan@spsu.ac.in", "phoneNumber": "9876543212", "university": "spsu"}}, {"model": "main_app.student", "pk": 15, "fields": {"name": "aman ojha", "email": "aman.ojha@spsu.ac.in", "phoneNumber": "7999697546", "university": "spsu"}}, {"model": "main_app.student", "pk": 16, "fields": {"name": "abc def", "email": "abc", "phoneNumber": "876543212", "university": "spsu"}}, {"model": "main_app.studentenrollment", "pk": 1, "fields": {"student": 1, "subject": 1}}, {"model": "main_app.studentenrollment", "pk": 2, "fields": {"student": 2, "subject": 5}}, {"model": "main_app.studentenrollment", "pk": 4, "fields": {"student": 4, "subject": 5}}, {"model": "main_app.studymaterial", "pk": 1, "fields": {"title": "", "uploadDate": "2021-02-26", "attachment": "AD_FwSFkoo.pdf", "subject": 5}}, {"model": "main_app.studymaterial", "pk": 2, "fields": {"title": "", "uploadDate": "2021-02-26", "attachment": "Algorithms_and_Data_Structures.pdf", "subject": 5}}, {"model": "main_app.studymaterial", "pk": 3, "fields": {"title": "Notes 3", "uploadDate": "2021-02-26", "attachment": "DAAFOREMAN.pdf", "subject": 5}}, {"model": "main_app.studymaterial", "pk": 4, "fields": {"title": "Notes 4", "uploadDate": "2021-02-26", "attachment": "okasaki.pdf", "subject": 5}}, {"model": "main_app.studymaterial", "pk": 5, "fields": {"title": "Notes 5", "uploadDate": "2021-02-26", "attachment": "Master_2_7a.pdf", "subject": 5}}, {"model": "main_app.studymaterial", "pk": 6, "fields": {"title": "Video Lecture 6", "uploadDate": "2021-02-26", "attachment": "universidadAzteca.mp4", "subject": 5}}, {"model": "main_app.newsandupdates", "pk": 1, "fields": {"title": "M.Tech Hons. Gold Medal Award Certificate", "image": "", "date": "2021-02-26"}}, {"model": "main_app.newsandupdates", "pk": 2, "fields": {"title": "University of Warwick (In Top 10 UK University) PhD Study Offer", "image": "", "date": "2021-02-26"}}, {"model": "main_app.newsandupdates", "pk": 3, "fields": {"title": "Invitation as a Keynote Speaker at the JECRC, Jaipur, India", "image": "", "date": "2021-02-26"}}, {"model": "main_app.newsandupdates", "pk": 4, "fields": {"title": "IEEE Ghana Section Technology Workshop", "image": "ghana.png", "date": "2021-02-26"}}, {"model": "main_app.newsandupdates", "pk": 5, "fields": {"title": "Organized TEDx (Technology, Entertainment, and Design) talk", "image": "", "date": "2021-02-26"}}, {"model": "main_app.newsandupdates", "pk": 6, "fields": {"title": "IEEE Liberia Subsection Holds First Meeting in Monrovia", "image": "liberia.jpg", "date": "2021-02-26"}}, {"model": "main_app.newsandupdates", "pk": 7, "fields": {"title": "IEEE Liberia Subsection approval", "image": "", "date": "2021-02-26"}}, {"model": "main_app.newsandupdates", "pk": 8, "fields": {"title": "Call for Book Chapter: Blockchain 3.0 for Sustainable Development", "image": "call_blockchain.jfif", "date": "2021-02-26"}}, {"model": "main_app.newsandupdates", "pk": 9, "fields": {"title": "Call for Book Chapter: Machine Learning for Sustainable Development", "image": "1_P.jpg", "date": "2021-02-26"}}, {"model": "main_app.newsandupdates", "pk": 10, "fields": {"title": "IEEE Senior Member (SM) Recognition", "image": "senior.jpg", "date": "2021-02-26"}}, {"model": "main_app.newsandupdates", "pk": 11, "fields": {"title": "ITS Conference in Germany - Dainik Bhaskar News", "image": "its.jpg", "date": "2021-02-26"}}, {"model": "main_app.newsandupdates", "pk": 12, "fields": {"title": "Selected for the PhD Erasmus+ Project, University of Jordan", "image": "14_EihnGsf.jpg", "date": "2021-02-26"}}, {"model": "main_app.newsandupdates", "pk": 13, "fields": {"title": "Cloud Computing Book Authored by a CMI PhD Fellow", "image": "cloud.png", "date": "2021-02-26"}}, {"model": "main_app.newsandupdates", "pk": 14, "fields": {"title": "News in Regional News Papers: Cloud Computing book Published", "image": "", "date": "2021-02-26"}}, {"model": "main_app.newsandupdates", "pk": 15, "fields": {"title": "Received travel grant for the IEEE Region 8 meeting at Warsaw, Poland", "image": "", "date": "2021-02-26"}}, {"model": "main_app.newsandupdates", "pk": 16, "fields": {"title": "Internet of Things (IOT) Book Published", "image": "5_P.png", "date": "2021-02-26"}}, {"model": "main_app.newsandupdates", "pk": 17, "fields": {"title": "Mobile Application Development in python using kivi framework", "image": "4_P.jpg", "date": "2021-02-26"}}, {"model": "main_app.newsandupdates", "pk": 18, "fields": {"title": "Expert talk on \u201cDecision tree in Machine Learning\u201d @ Indian Institute of Technology (IIT) BHU", "image": "Expert_talk_on_Decision_tree_in_Machine_Learning__Indian_Institute_of_Technology_IIT_BHU.png", "date": "2020-06-03"}}, {"model": "main_app.assignments", "pk": 1, "fields": {"name": "Cloud Computing Class Assignment -1", "startDate": "2021-04-13", "startTime": "23:52:00", "deadline": "2021-04-23", "deadlineTime": "14:52:00", "assignmentFile": "Assignment_1_CC_CT-351.docx", "subject": 1}}, {"model": "main_app.assignments", "pk": 3, "fields": {"name": "Cloud Computing Class Assignment - 2", "startDate": "2021-04-14", "startTime": "15:08:00", "deadline": "2021-04-14", "deadlineTime": "16:08:00", "assignmentFile": "Assignment_1_CC_CT-351_1.docx", "subject": 1}}, {"model": "main_app.submittedassignment", "pk": 1, "fields": {"assignment": 1, "submittedFile": "CamScanner_04-10-2021_15.34.21.pdf", "submitedBy": 1, "submited_onDate": "2021-04-14", "submited_onTime": "14:24:56.718"}}, {"model": "auth.permission", "pk": 1, "fields": {"name": "Can add log entry", "content_type": 1, "codename": "add_logentry"}}, {"model": "auth.permission", "pk": 2, "fields": {"name": "Can change log entry", "content_type": 1, "codename": "change_logentry"}}, {"model": "auth.permission", "pk": 3, "fields": {"name": "Can delete log entry", "content_type": 1, "codename": "delete_logentry"}}, {"model": "auth.permission", "pk": 4, "fields": {"name": "Can view log entry", "content_type": 1, "codename": "view_logentry"}}, {"model": "auth.permission", "pk": 5, "fields": {"name": "Can add permission", "content_type": 2, "codename": "add_permission"}}, {"model": "auth.permission", "pk": 6, "fields": {"name": "Can change permission", "content_type": 2, "codename": "change_permission"}}, {"model": "auth.permission", "pk": 7, "fields": {"name": "Can delete permission", "content_type": 2, "codename": "delete_permission"}}, {"model": "auth.permission", "pk": 8, "fields": {"name": "Can view permission", "content_type": 2, "codename": "view_permission"}}, {"model": "auth.permission", "pk": 9, "fields": {"name": "Can add group", "content_type": 3, "codename": "add_group"}}, {"model": "auth.permission", "pk": 10, "fields": {"name": "Can change group", "content_type": 3, "codename": "change_group"}}, {"model": "auth.permission", "pk": 11, "fields": {"name": "Can delete group", "content_type": 3, "codename": "delete_group"}}, {"model": "auth.permission", "pk": 12, "fields": {"name": "Can view group", "content_type": 3, "codename": "view_group"}}, {"model": "auth.permission", "pk": 13, "fields": {"name": "Can add user", "content_type": 4, "codename": "add_user"}}, {"model": "auth.permission", "pk": 14, "fields": {"name": "Can change user", "content_type": 4, "codename": "change_user"}}, {"model": "auth.permission", "pk": 15, "fields": {"name": "Can delete user", "content_type": 4, "codename": "delete_user"}}, {"model": "auth.permission", "pk": 16, "fields": {"name": "Can view user", "content_type": 4, "codename": "view_user"}}, {"model": "auth.permission", "pk": 17, "fields": {"name": "Can add content type", "content_type": 5, "codename": "add_contenttype"}}, {"model": "auth.permission", "pk": 18, "fields": {"name": "Can change content type", "content_type": 5, "codename": "change_contenttype"}}, {"model": "auth.permission", "pk": 19, "fields": {"name": "Can delete content type", "content_type": 5, "codename": "delete_contenttype"}}, {"model": "auth.permission", "pk": 20, "fields": {"name": "Can view content type", "content_type": 5, "codename": "view_contenttype"}}, {"model": "auth.permission", "pk": 21, "fields": {"name": "Can add session", "content_type": 6, "codename": "add_session"}}, {"model": "auth.permission", "pk": 22, "fields": {"name": "Can change session", "content_type": 6, "codename": "change_session"}}, {"model": "auth.permission", "pk": 23, "fields": {"name": "Can delete session", "content_type": 6, "codename": "delete_session"}}, {"model": "auth.permission", "pk": 24, "fields": {"name": "Can view session", "content_type": 6, "codename": "view_session"}}, {"model": "auth.permission", "pk": 25, "fields": {"name": "Can add student", "content_type": 7, "codename": "add_student"}}, {"model": "auth.permission", "pk": 26, "fields": {"name": "Can change student", "content_type": 7, "codename": "change_student"}}, {"model": "auth.permission", "pk": 27, "fields": {"name": "Can delete student", "content_type": 7, "codename": "delete_student"}}, {"model": "auth.permission", "pk": 28, "fields": {"name": "Can view student", "content_type": 7, "codename": "view_student"}}, {"model": "auth.permission", "pk": 29, "fields": {"name": "Can add subject", "content_type": 8, "codename": "add_subject"}}, {"model": "auth.permission", "pk": 30, "fields": {"name": "Can change subject", "content_type": 8, "codename": "change_subject"}}, {"model": "auth.permission", "pk": 31, "fields": {"name": "Can delete subject", "content_type": 8, "codename": "delete_subject"}}, {"model": "auth.permission", "pk": 32, "fields": {"name": "Can view subject", "content_type": 8, "codename": "view_subject"}}, {"model": "auth.permission", "pk": 33, "fields": {"name": "Can add student enrollment", "content_type": 9, "codename": "add_studentenrollment"}}, {"model": "auth.permission", "pk": 34, "fields": {"name": "Can change student enrollment", "content_type": 9, "codename": "change_studentenrollment"}}, {"model": "auth.permission", "pk": 35, "fields": {"name": "Can delete student enrollment", "content_type": 9, "codename": "delete_studentenrollment"}}, {"model": "auth.permission", "pk": 36, "fields": {"name": "Can view student enrollment", "content_type": 9, "codename": "view_studentenrollment"}}, {"model": "auth.permission", "pk": 37, "fields": {"name": "Can add study material", "content_type": 10, "codename": "add_studymaterial"}}, {"model": "auth.permission", "pk": 38, "fields": {"name": "Can change study material", "content_type": 10, "codename": "change_studymaterial"}}, {"model": "auth.permission", "pk": 39, "fields": {"name": "Can delete study material", "content_type": 10, "codename": "delete_studymaterial"}}, {"model": "auth.permission", "pk": 40, "fields": {"name": "Can view study material", "content_type": 10, "codename": "view_studymaterial"}}, {"model": "auth.permission", "pk": 41, "fields": {"name": "Can add gallery", "content_type": 11, "codename": "add_gallery"}}, {"model": "auth.permission", "pk": 42, "fields": {"name": "Can change gallery", "content_type": 11, "codename": "change_gallery"}}, {"model": "auth.permission", "pk": 43, "fields": {"name": "Can delete gallery", "content_type": 11, "codename": "delete_gallery"}}, {"model": "auth.permission", "pk": 44, "fields": {"name": "Can view gallery", "content_type": 11, "codename": "view_gallery"}}, {"model": "auth.permission", "pk": 45, "fields": {"name": "Can add news and updates", "content_type": 12, "codename": "add_newsandupdates"}}, {"model": "auth.permission", "pk": 46, "fields": {"name": "Can change news and updates", "content_type": 12, "codename": "change_newsandupdates"}}, {"model": "auth.permission", "pk": 47, "fields": {"name": "Can delete news and updates", "content_type": 12, "codename": "delete_newsandupdates"}}, {"model": "auth.permission", "pk": 48, "fields": {"name": "Can view news and updates", "content_type": 12, "codename": "view_newsandupdates"}}, {"model": "auth.permission", "pk": 49, "fields": {"name": "Can add registration request", "content_type": 13, "codename": "add_registrationrequest"}}, {"model": "auth.permission", "pk": 50, "fields": {"name": "Can change registration request", "content_type": 13, "codename": "change_registrationrequest"}}, {"model": "auth.permission", "pk": 51, "fields": {"name": "Can delete registration request", "content_type": 13, "codename": "delete_registrationrequest"}}, {"model": "auth.permission", "pk": 52, "fields": {"name": "Can view registration request", "content_type": 13, "codename": "view_registrationrequest"}}, {"model": "auth.permission", "pk": 53, "fields": {"name": "Can add assignments", "content_type": 14, "codename": "add_assignments"}}, {"model": "auth.permission", "pk": 54, "fields": {"name": "Can change assignments", "content_type": 14, "codename": "change_assignments"}}, {"model": "auth.permission", "pk": 55, "fields": {"name": "Can delete assignments", "content_type": 14, "codename": "delete_assignments"}}, {"model": "auth.permission", "pk": 56, "fields": {"name": "Can view assignments", "content_type": 14, "codename": "view_assignments"}}, {"model": "auth.permission", "pk": 57, "fields": {"name": "Can add submitted assignment", "content_type": 15, "codename": "add_submittedassignment"}}, {"model": "auth.permission", "pk": 58, "fields": {"name": "Can change submitted assignment", "content_type": 15, "codename": "change_submittedassignment"}}, {"model": "auth.permission", "pk": 59, "fields": {"name": "Can delete submitted assignment", "content_type": 15, "codename": "delete_submittedassignment"}}, {"model": "auth.permission", "pk": 60, "fields": {"name": "Can view submitted assignment", "content_type": 15, "codename": "view_submittedassignment"}}, {"model": "auth.group", "pk": 1, "fields": {"name": "student", "permissions": []}}, {"model": "auth.group", "pk": 2, "fields": {"name": "teacher", "permissions": []}}, {"model": "auth.group", "pk": 3, "fields": {"name": "admin", "permissions": []}}, {"model": "auth.user", "pk": 1, "fields": {"password": "pbkdf2_sha256$180000$J6HXF1h1SwrK$vgLldIwBXiAo64hf0MwE61lviQJlpROEiLlgX/rpcxg=", "last_login": "2021-04-14T09:28:49.014Z", "is_superuser": true, "username": "admin", "first_name": "", "last_name": "", "email": "admin@admin.com", "is_staff": true, "is_active": true, "date_joined": "2021-02-23T10:21:11Z", "groups": [3], "user_permissions": []}}, {"model": "auth.user", "pk": 2, "fields": {"password": "pbkdf2_sha256$180000$M2kmrWKeLiou$letppzJANAY7NL46wo/qmXdqWMlaUco2ZWnujPE4miE=", "last_login": "2021-04-14T09:39:11.287Z", "is_superuser": false, "username": "aniket.vyas@spsu.ac.in", "first_name": "Aniket", "last_name": "Vyas", "email": "aniket.vyas@spsu.ac.in", "is_staff": false, "is_active": true, "date_joined": "2021-03-03T05:41:11Z", "groups": [1], "user_permissions": []}}, {"model": "auth.user", "pk": 3, "fields": {"password": "pbkdf2_sha256$180000$M3TvxG13pGWJ$kD8SGfEFJDY/fvROnIsCfeM+81hgHU4Cm+oHM+WkdMk=", "last_login": null, "is_superuser": false, "username": "noel.jolly@spsu.ac.in", "first_name": "Noel", "last_name": "Jolly", "email": "noel.jolly@spsu.ac.in", "is_staff": false, "is_active": true, "date_joined": "2021-03-03T05:41:48Z", "groups": [1], "user_permissions": []}}, {"model": "auth.user", "pk": 4, "fields": {"password": "pbkdf2_sha256$180000$X3SjxRooeJBW$UeEvHAES5hgw0/SWQ8KzDjlKNvkRjoXMx96CImieENQ=", "last_login": null, "is_superuser": false, "username": "saurabh.soni@spsu.ac.in", "first_name": "saurabh", "last_name": "soni", "email": "saurabh.soni@spsu.ac.in", "is_staff": false, "is_active": true, "date_joined": "2021-03-03T05:42:18Z", "groups": [1], "user_permissions": []}}, {"model": "auth.user", "pk": 5, "fields": {"password": "pbkdf2_sha256$180000$FT84m3NuwAQH$3DNeOn+dTI8izRhf4UIF1QfFEdq7BHFDfhJiahR4epY=", "last_login": null, "is_superuser": false, "username": "aman.ojha@spsu.ac.in", "first_name": "aman", "last_name": "ojha", "email": "aman.ojha@spsu.ac.in", "is_staff": false, "is_active": true, "date_joined": "2021-03-03T05:42:43Z", "groups": [1], "user_permissions": []}}, {"model": "auth.user", "pk": 19, "fields": {"password": "", "last_login": null, "is_superuser": false, "username": "", "first_name": "abc", "last_name": "def", "email": "abc", "is_staff": false, "is_active": true, "date_joined": "2021-04-13T19:16:23.497Z", "groups": [], "user_permissions": []}}, {"model": "admin.logentry", "pk": 1, "fields": {"action_time": "2021-02-25T18:51:51.234Z", "user": 1, "content_type": 8, "object_id": "1", "object_repr": "subject object (1)", "action_flag": 1, "change_message": "[{\"added\": {}}]"}}, {"model": "admin.logentry", "pk": 2, "fields": {"action_time": "2021-02-25T18:51:56.757Z", "user": 1, "content_type": 8, "object_id": "2", "object_repr": "subject object (2)", "action_flag": 1, "change_message": "[{\"added\": {}}]"}}, {"model": "admin.logentry", "pk": 3, "fields": {"action_time": "2021-02-25T18:52:04.077Z", "user": 1, "content_type": 8, "object_id": "3", "object_repr": "subject object (3)", "action_flag": 1, "change_message": "[{\"added\": {}}]"}}, {"model": "admin.logentry", "pk": 4, "fields": {"action_time": "2021-02-25T18:52:17.324Z", "user": 1, "content_type": 8, "object_id": "4", "object_repr": "subject object (4)", "action_flag": 1, "change_message": "[{\"added\": {}}]"}}, {"model": "admin.logentry", "pk": 5, "fields": {"action_time": "2021-02-25T19:17:30.722Z", "user": 1, "content_type": 8, "object_id": "5", "object_repr": "subject object (5)", "action_flag": 1, "change_message": "[{\"added\": {}}]"}}, {"model": "admin.logentry", "pk": 6, "fields": {"action_time": "2021-02-25T19:17:41.968Z", "user": 1, "content_type": 8, "object_id": "6", "object_repr": "subject object (6)", "action_flag": 1, "change_message": "[{\"added\": {}}]"}}, {"model": "admin.logentry", "pk": 7, "fields": {"action_time": "2021-02-25T19:17:50.715Z", "user": 1, "content_type": 8, "object_id": "7", "object_repr": "subject object (7)", "action_flag": 1, "change_message": "[{\"added\": {}}]"}}, {"model": "admin.logentry", "pk": 8, "fields": {"action_time": "2021-02-25T19:17:58.791Z", "user": 1, "content_type": 8, "object_id": "8", "object_repr": "subject object (8)", "action_flag": 1, "change_message": "[{\"added\": {}}]"}}, {"model": "admin.logentry", "pk": 9, "fields": {"action_time": "2021-02-25T19:40:29.330Z", "user": 1, "content_type": 10, "object_id": "1", "object_repr": "studyMaterial object (1)", "action_flag": 1, "change_message": "[{\"added\": {}}]"}}, {"model": "admin.logentry", "pk": 10, "fields": {"action_time": "2021-02-25T19:40:40.292Z", "user": 1, "content_type": 10, "object_id": "2", "object_repr": "studyMaterial object (2)", "action_flag": 1, "change_message": "[{\"added\": {}}]"}}, {"model": "admin.logentry", "pk": 11, "fields": {"action_time": "2021-02-25T20:18:03.442Z", "user": 1, "content_type": 10, "object_id": "3", "object_repr": "studyMaterial object (3)", "action_flag": 1, "change_message": "[{\"added\": {}}]"}}, {"model": "admin.logentry", "pk": 12, "fields": {"action_time": "2021-02-25T20:18:29.467Z", "user": 1, "content_type": 10, "object_id": "4", "object_repr": "studyMaterial object (4)", "action_flag": 1, "change_message": "[{\"added\": {}}]"}}, {"model": "admin.logentry", "pk": 13, "fields": {"action_time": "2021-02-25T20:18:46.751Z", "user": 1, "content_type": 10, "object_id": "5", "object_repr": "studyMaterial object (5)", "action_flag": 1, "change_message": "[{\"added\": {}}]"}}, {"model": "admin.logentry", "pk": 14, "fields": {"action_time": "2021-02-25T20:36:25.543Z", "user": 1, "content_type": 7, "object_id": "1", "object_repr": "Aniket Vyas", "action_flag": 1, "change_message": "[{\"added\": {}}]"}}, {"model": "admin.logentry", "pk": 15, "fields": {"action_time": "2021-02-25T20:36:45.815Z", "user": 1, "content_type": 7, "object_id": "2", "object_repr": "saurabh soni", "action_flag": 1, "change_message": "[{\"added\": {}}]"}}, {"model": "admin.logentry", "pk": 16, "fields": {"action_time": "2021-02-25T20:36:59.572Z", "user": 1, "content_type": 7, "object_id": "3", "object_repr": "aman ojha", "action_flag": 1, "change_message": "[{\"added\": {}}]"}}, {"model": "admin.logentry", "pk": 17, "fields": {"action_time": "2021-02-25T20:37:32.973Z", "user": 1, "content_type": 7, "object_id": "4", "object_repr": "noel jolly", "action_flag": 1, "change_message": "[{\"added\": {}}]"}}, {"model": "admin.logentry", "pk": 18, "fields": {"action_time": "2021-02-25T21:09:41.393Z", "user": 1, "content_type": 9, "object_id": "1", "object_repr": "studentEnrollment object (1)", "action_flag": 1, "change_message": "[{\"added\": {}}]"}}, {"model": "admin.logentry", "pk": 19, "fields": {"action_time": "2021-02-25T21:09:45.705Z", "user": 1, "content_type": 9, "object_id": "2", "object_repr": "studentEnrollment object (2)", "action_flag": 1, "change_message": "[{\"added\": {}}]"}}, {"model": "admin.logentry", "pk": 20, "fields": {"action_time": "2021-02-25T21:09:50.067Z", "user": 1, "content_type": 9, "object_id": "3", "object_repr": "studentEnrollment object (3)", "action_flag": 1, "change_message": "[{\"added\": {}}]"}}, {"model": "admin.logentry", "pk": 21, "fields": {"action_time": "2021-02-25T21:09:53.849Z", "user": 1, "content_type": 9, "object_id": "4", "object_repr": "studentEnrollment object (4)", "action_flag": 1, "change_message": "[{\"added\": {}}]"}}, {"model": "admin.logentry", "pk": 22, "fields": {"action_time": "2021-02-26T07:01:38.370Z", "user": 1, "content_type": 10, "object_id": "6", "object_repr": "Video Lecture 6", "action_flag": 1, "change_message": "[{\"added\": {}}]"}}, {"model": "admin.logentry", "pk": 23, "fields": {"action_time": "2021-02-26T07:29:45.477Z", "user": 1, "content_type": 11, "object_id": "1", "object_repr": "gallery object (1)", "action_flag": 1, "change_message": "[{\"added\": {}}]"}}, {"model": "admin.logentry", "pk": 24, "fields": {"action_time": "2021-02-26T07:29:49.311Z", "user": 1, "content_type": 11, "object_id": "2", "object_repr": "gallery object (2)", "action_flag": 1, "change_message": "[{\"added\": {}}]"}}, {"model": "admin.logentry", "pk": 25, "fields": {"action_time": "2021-02-26T07:29:53.735Z", "user": 1, "content_type": 11, "object_id": "3", "object_repr": "gallery object (3)", "action_flag": 1, "change_message": "[{\"added\": {}}]"}}, {"model": "admin.logentry", "pk": 26, "fields": {"action_time": "2021-02-26T07:29:57.795Z", "user": 1, "content_type": 11, "object_id": "4", "object_repr": "gallery object (4)", "action_flag": 1, "change_message": "[{\"added\": {}}]"}}, {"model": "admin.logentry", "pk": 27, "fields": {"action_time": "2021-02-26T07:30:01.864Z", "user": 1, "content_type": 11, "object_id": "5", "object_repr": "gallery object (5)", "action_flag": 1, "change_message": "[{\"added\": {}}]"}}, {"model": "admin.logentry", "pk": 28, "fields": {"action_time": "2021-02-26T07:30:04.874Z", "user": 1, "content_type": 11, "object_id": "6", "object_repr": "gallery object (6)", "action_flag": 1, "change_message": "[{\"added\": {}}]"}}, {"model": "admin.logentry", "pk": 29, "fields": {"action_time": "2021-02-26T07:30:08.805Z", "user": 1, "content_type": 11, "object_id": "7", "object_repr": "gallery object (7)", "action_flag": 1, "change_message": "[{\"added\": {}}]"}}, {"model": "admin.logentry", "pk": 30, "fields": {"action_time": "2021-02-26T07:30:12.594Z", "user": 1, "content_type": 11, "object_id": "8", "object_repr": "gallery object (8)", "action_flag": 1, "change_message": "[{\"added\": {}}]"}}, {"model": "admin.logentry", "pk": 31, "fields": {"action_time": "2021-02-26T07:30:19.792Z", "user": 1, "content_type": 11, "object_id": "9", "object_repr": "gallery object (9)", "action_flag": 1, "change_message": "[{\"added\": {}}]"}}, {"model": "admin.logentry", "pk": 32, "fields": {"action_time": "2021-02-26T07:30:25.382Z", "user": 1, "content_type": 11, "object_id": "10", "object_repr": "gallery object (10)", "action_flag": 1, "change_message": "[{\"added\": {}}]"}}, {"model": "admin.logentry", "pk": 33, "fields": {"action_time": "2021-02-26T07:30:29.288Z", "user": 1, "content_type": 11, "object_id": "11", "object_repr": "gallery object (11)", "action_flag": 1, "change_message": "[{\"added\": {}}]"}}, {"model": "admin.logentry", "pk": 34, "fields": {"action_time": "2021-02-26T07:30:35.464Z", "user": 1, "content_type": 11, "object_id": "12", "object_repr": "gallery object (12)", "action_flag": 1, "change_message": "[{\"added\": {}}]"}}, {"model": "admin.logentry", "pk": 35, "fields": {"action_time": "2021-02-26T07:30:40.527Z", "user": 1, "content_type": 11, "object_id": "13", "object_repr": "gallery object (13)", "action_flag": 1, "change_message": "[{\"added\": {}}]"}}, {"model": "admin.logentry", "pk": 36, "fields": {"action_time": "2021-02-26T07:30:45.880Z", "user": 1, "content_type": 11, "object_id": "14", "object_repr": "gallery object (14)", "action_flag": 1, "change_message": "[{\"added\": {}}]"}}, {"model": "admin.logentry", "pk": 37, "fields": {"action_time": "2021-02-26T07:30:52.158Z", "user": 1, "content_type": 11, "object_id": "15", "object_repr": "gallery object (15)", "action_flag": 1, "change_message": "[{\"added\": {}}]"}}, {"model": "admin.logentry", "pk": 38, "fields": {"action_time": "2021-02-26T07:30:57.323Z", "user": 1, "content_type": 11, "object_id": "16", "object_repr": "gallery object (16)", "action_flag": 1, "change_message": "[{\"added\": {}}]"}}, {"model": "admin.logentry", "pk": 39, "fields": {"action_time": "2021-02-26T07:31:03.788Z", "user": 1, "content_type": 11, "object_id": "17", "object_repr": "gallery object (17)", "action_flag": 1, "change_message": "[{\"added\": {}}]"}}, {"model": "admin.logentry", "pk": 40, "fields": {"action_time": "2021-02-26T07:31:08.440Z", "user": 1, "content_type": 11, "object_id": "18", "object_repr": "gallery object (18)", "action_flag": 1, "change_message": "[{\"added\": {}}]"}}, {"model": "admin.logentry", "pk": 41, "fields": {"action_time": "2021-02-26T07:31:13.177Z", "user": 1, "content_type": 11, "object_id": "19", "object_repr": "gallery object (19)", "action_flag": 1, "change_message": "[{\"added\": {}}]"}}, {"model": "admin.logentry", "pk": 42, "fields": {"action_time": "2021-02-26T07:31:18.397Z", "user": 1, "content_type": 11, "object_id": "20", "object_repr": "gallery object (20)", "action_flag": 1, "change_message": "[{\"added\": {}}]"}}, {"model": "admin.logentry", "pk": 43, "fields": {"action_time": "2021-02-26T07:31:25.505Z", "user": 1, "content_type": 11, "object_id": "21", "object_repr": "gallery object (21)", "action_flag": 1, "change_message": "[{\"added\": {}}]"}}, {"model": "admin.logentry", "pk": 44, "fields": {"action_time": "2021-02-26T07:31:30.554Z", "user": 1, "content_type": 11, "object_id": "22", "object_repr": "gallery object (22)", "action_flag": 1, "change_message": "[{\"added\": {}}]"}}, {"model": "admin.logentry", "pk": 45, "fields": {"action_time": "2021-02-26T07:31:35.600Z", "user": 1, "content_type": 11, "object_id": "23", "object_repr": "gallery object (23)", "action_flag": 1, "change_message": "[{\"added\": {}}]"}}, {"model": "admin.logentry", "pk": 46, "fields": {"action_time": "2021-02-26T07:31:40.978Z", "user": 1, "content_type": 11, "object_id": "24", "object_repr": "gallery object (24)", "action_flag": 1, "change_message": "[{\"added\": {}}]"}}, {"model": "admin.logentry", "pk": 47, "fields": {"action_time": "2021-02-26T07:31:47.855Z", "user": 1, "content_type": 11, "object_id": "25", "object_repr": "gallery object (25)", "action_flag": 1, "change_message": "[{\"added\": {}}]"}}, {"model": "admin.logentry", "pk": 48, "fields": {"action_time": "2021-02-26T14:43:22.870Z", "user": 1, "content_type": 12, "object_id": "1", "object_repr": "newsAndUpdates object (1)", "action_flag": 1, "change_message": "[{\"added\": {}}]"}}, {"model": "admin.logentry", "pk": 49, "fields": {"action_time": "2021-02-26T14:43:44.639Z", "user": 1, "content_type": 12, "object_id": "2", "object_repr": "newsAndUpdates object (2)", "action_flag": 1, "change_message": "[{\"added\": {}}]"}}, {"model": "admin.logentry", "pk": 50, "fields": {"action_time": "2021-02-26T14:44:06.319Z", "user": 1, "content_type": 12, "object_id": "3", "object_repr": "newsAndUpdates object (3)", "action_flag": 1, "change_message": "[{\"added\": {}}]"}}, {"model": "admin.logentry", "pk": 51, "fields": {"action_time": "2021-02-26T14:44:20.257Z", "user": 1, "content_type": 12, "object_id": "4", "object_repr": "newsAndUpdates object (4)", "action_flag": 1, "change_message": "[{\"added\": {}}]"}}, {"model": "admin.logentry", "pk": 52, "fields": {"action_time": "2021-02-26T14:44:35.661Z", "user": 1, "content_type": 12, "object_id": "5", "object_repr": "newsAndUpdates object (5)", "action_flag": 1, "change_message": "[{\"added\": {}}]"}}, {"model": "admin.logentry", "pk": 53, "fields": {"action_time": "2021-02-26T14:44:47.352Z", "user": 1, "content_type": 12, "object_id": "6", "object_repr": "newsAndUpdates object (6)", "action_flag": 1, "change_message": "[{\"added\": {}}]"}}, {"model": "admin.logentry", "pk": 54, "fields": {"action_time": "2021-02-26T14:44:55.089Z", "user": 1, "content_type": 12, "object_id": "7", "object_repr": "newsAndUpdates object (7)", "action_flag": 1, "change_message": "[{\"added\": {}}]"}}, {"model": "admin.logentry", "pk": 55, "fields": {"action_time": "2021-02-26T14:45:06.788Z", "user": 1, "content_type": 12, "object_id": "8", "object_repr": "newsAndUpdates object (8)", "action_flag": 1, "change_message": "[{\"added\": {}}]"}}, {"model": "admin.logentry", "pk": 56, "fields": {"action_time": "2021-02-26T14:45:20.712Z", "user": 1, "content_type": 12, "object_id": "9", "object_repr": "newsAndUpdates object (9)", "action_flag": 1, "change_message": "[{\"added\": {}}]"}}, {"model": "admin.logentry", "pk": 57, "fields": {"action_time": "2021-02-26T14:45:30.265Z", "user": 1, "content_type": 12, "object_id": "10", "object_repr": "newsAndUpdates object (10)", "action_flag": 1, "change_message": "[{\"added\": {}}]"}}, {"model": "admin.logentry", "pk": 58, "fields": {"action_time": "2021-02-26T14:45:38.551Z", "user": 1, "content_type": 12, "object_id": "11", "object_repr": "newsAndUpdates object (11)", "action_flag": 1, "change_message": "[{\"added\": {}}]"}}, {"model": "admin.logentry", "pk": 59, "fields": {"action_time": "2021-02-26T14:46:03.242Z", "user": 1, "content_type": 12, "object_id": "12", "object_repr": "newsAndUpdates object (12)", "action_flag": 1, "change_message": "[{\"added\": {}}]"}}, {"model": "admin.logentry", "pk": 60, "fields": {"action_time": "2021-02-26T14:46:16.371Z", "user": 1, "content_type": 12, "object_id": "13", "object_repr": "newsAndUpdates object (13)", "action_flag": 1, "change_message": "[{\"added\": {}}]"}}, {"model": "admin.logentry", "pk": 61, "fields": {"action_time": "2021-02-26T14:46:24.252Z", "user": 1, "content_type": 12, "object_id": "14", "object_repr": "newsAndUpdates object (14)", "action_flag": 1, "change_message": "[{\"added\": {}}]"}}, {"model": "admin.logentry", "pk": 62, "fields": {"action_time": "2021-02-26T14:46:51.367Z", "user": 1, "content_type": 12, "object_id": "15", "object_repr": "newsAndUpdates object (15)", "action_flag": 1, "change_message": "[{\"added\": {}}]"}}, {"model": "admin.logentry", "pk": 63, "fields": {"action_time": "2021-02-26T14:47:15.950Z", "user": 1, "content_type": 12, "object_id": "16", "object_repr": "newsAndUpdates object (16)", "action_flag": 1, "change_message": "[{\"added\": {}}]"}}, {"model": "admin.logentry", "pk": 64, "fields": {"action_time": "2021-02-26T14:47:44.992Z", "user": 1, "content_type": 12, "object_id": "17", "object_repr": "newsAndUpdates object (17)", "action_flag": 1, "change_message": "[{\"added\": {}}]"}}, {"model": "admin.logentry", "pk": 65, "fields": {"action_time": "2021-03-03T05:41:11.943Z", "user": 1, "content_type": 4, "object_id": "2", "object_repr": "aniket.vyas@spsu.ac.in", "action_flag": 1, "change_message": "[{\"added\": {}}]"}}, {"model": "admin.logentry", "pk": 66, "fields": {"action_time": "2021-03-03T05:41:32.924Z", "user": 1, "content_type": 4, "object_id": "2", "object_repr": "aniket.vyas@spsu.ac.in", "action_flag": 2, "change_message": "[{\"changed\": {\"fields\": [\"First name\", \"Last name\", \"Email address\"]}}]"}}, {"model": "admin.logentry", "pk": 67, "fields": {"action_time": "2021-03-03T05:41:48.478Z", "user": 1, "content_type": 4, "object_id": "3", "object_repr": "noel.jolly@spsu.ac.in", "action_flag": 1, "change_message": "[{\"added\": {}}]"}}, {"model": "admin.logentry", "pk": 68, "fields": {"action_time": "2021-03-03T05:42:04.408Z", "user": 1, "content_type": 4, "object_id": "3", "object_repr": "noel.jolly@spsu.ac.in", "action_flag": 2, "change_message": "[{\"changed\": {\"fields\": [\"First name\", \"Last name\", \"Email address\"]}}]"}}, {"model": "admin.logentry", "pk": 69, "fields": {"action_time": "2021-03-03T05:42:18.865Z", "user": 1, "content_type": 4, "object_id": "4", "object_repr": "saurabh.soni@spsu.ac.in", "action_flag": 1, "change_message": "[{\"added\": {}}]"}}, {"model": "admin.logentry", "pk": 70, "fields": {"action_time": "2021-03-03T05:42:30.160Z", "user": 1, "content_type": 4, "object_id": "4", "object_repr": "saurabh.soni@spsu.ac.in", "action_flag": 2, "change_message": "[{\"changed\": {\"fields\": [\"First name\", \"Last name\", \"Email address\"]}}]"}}, {"model": "admin.logentry", "pk": 71, "fields": {"action_time": "2021-03-03T05:42:43.488Z", "user": 1, "content_type": 4, "object_id": "5", "object_repr": "aman.ojha@spsu.ac.in", "action_flag": 1, "change_message": "[{\"added\": {}}]"}}, {"model": "admin.logentry", "pk": 72, "fields": {"action_time": "2021-03-03T05:42:57.581Z", "user": 1, "content_type": 4, "object_id": "5", "object_repr": "aman.ojha@spsu.ac.in", "action_flag": 2, "change_message": "[{\"changed\": {\"fields\": [\"First name\", \"Last name\", \"Email address\"]}}]"}}, {"model": "admin.logentry", "pk": 73, "fields": {"action_time": "2021-03-03T07:38:18.348Z", "user": 1, "content_type": 13, "object_id": "1", "object_repr": "registrationRequest object (1)", "action_flag": 2, "change_message": "[{\"changed\": {\"fields\": [\"University\"]}}]"}}, {"model": "admin.logentry", "pk": 74, "fields": {"action_time": "2021-03-03T07:54:41.069Z", "user": 1, "content_type": 13, "object_id": "2", "object_repr": "registrationRequest object (2)", "action_flag": 1, "change_message": "[{\"added\": {}}]"}}, {"model": "admin.logentry", "pk": 75, "fields": {"action_time": "2021-03-03T07:57:35.900Z", "user": 1, "content_type": 13, "object_id": "3", "object_repr": "registrationRequest object (3)", "action_flag": 1, "change_message": "[{\"added\": {}}]"}}, {"model": "admin.logentry", "pk": 76, "fields": {"action_time": "2021-04-04T12:08:04.092Z", "user": 1, "content_type": 12, "object_id": "9", "object_repr": "Call for Book Chapter: Machine Learning for Sustainable Development", "action_flag": 2, "change_message": "[{\"changed\": {\"fields\": [\"Image\"]}}]"}}, {"model": "admin.logentry", "pk": 77, "fields": {"action_time": "2021-04-04T12:08:14.037Z", "user": 1, "content_type": 12, "object_id": "16", "object_repr": "Internet of Things (IOT) Book Published", "action_flag": 2, "change_message": "[{\"changed\": {\"fields\": [\"Image\"]}}]"}}, {"model": "admin.logentry", "pk": 78, "fields": {"action_time": "2021-04-04T12:08:23.147Z", "user": 1, "content_type": 12, "object_id": "17", "object_repr": "Mobile Application Development in python using kivi framework", "action_flag": 2, "change_message": "[{\"changed\": {\"fields\": [\"Image\"]}}]"}}, {"model": "admin.logentry", "pk": 79, "fields": {"action_time": "2021-04-04T12:21:11.070Z", "user": 1, "content_type": 12, "object_id": "18", "object_repr": "Expert talk on \u201cDecision tree in Machine Learning\u201d @ Indian Institute of Technology (IIT) BHU", "action_flag": 1, "change_message": "[{\"added\": {}}]"}}, {"model": "admin.logentry", "pk": 80, "fields": {"action_time": "2021-04-04T12:24:31.287Z", "user": 1, "content_type": 12, "object_id": "13", "object_repr": "Cloud Computing Book Authored by a CMI PhD Fellow", "action_flag": 2, "change_message": "[{\"changed\": {\"fields\": [\"Image\"]}}]"}}, {"model": "admin.logentry", "pk": 81, "fields": {"action_time": "2021-04-04T13:08:16.695Z", "user": 1, "content_type": 12, "object_id": "8", "object_repr": "Call for Book Chapter: Blockchain 3.0 for Sustainable Development", "action_flag": 2, "change_message": "[{\"changed\": {\"fields\": [\"Image\"]}}]"}}, {"model": "admin.logentry", "pk": 82, "fields": {"action_time": "2021-04-04T13:13:52.054Z", "user": 1, "content_type": 12, "object_id": "12", "object_repr": "Selected for the PhD Erasmus+ Project, University of Jordan", "action_flag": 2, "change_message": "[{\"changed\": {\"fields\": [\"Image\"]}}]"}}, {"model": "admin.logentry", "pk": 83, "fields": {"action_time": "2021-04-04T13:15:34.775Z", "user": 1, "content_type": 12, "object_id": "11", "object_repr": "ITS Conference in Germany - Dainik Bhaskar News", "action_flag": 2, "change_message": "[{\"changed\": {\"fields\": [\"Image\"]}}]"}}, {"model": "admin.logentry", "pk": 84, "fields": {"action_time": "2021-04-04T13:16:18.762Z", "user": 1, "content_type": 12, "object_id": "10", "object_repr": "IEEE Senior Member (SM) Recognition", "action_flag": 2, "change_message": "[{\"changed\": {\"fields\": [\"Image\"]}}]"}}, {"model": "admin.logentry", "pk": 85, "fields": {"action_time": "2021-04-04T13:17:50.080Z", "user": 1, "content_type": 12, "object_id": "6", "object_repr": "IEEE Liberia Subsection Holds First Meeting in Monrovia", "action_flag": 2, "change_message": "[{\"changed\": {\"fields\": [\"Image\"]}}]"}}, {"model": "admin.logentry", "pk": 86, "fields": {"action_time": "2021-04-04T13:22:55.670Z", "user": 1, "content_type": 12, "object_id": "4", "object_repr": "IEEE Ghana Section Technology Workshop", "action_flag": 2, "change_message": "[{\"changed\": {\"fields\": [\"Image\"]}}]"}}, {"model": "admin.logentry", "pk": 87, "fields": {"action_time": "2021-04-13T18:47:10.366Z", "user": 1, "content_type": 14, "object_id": "1", "object_repr": "assignments object (1)", "action_flag": 2, "change_message": "[{\"changed\": {\"fields\": [\"AssignmentFile\"]}}]"}}, {"model": "admin.logentry", "pk": 88, "fields": {"action_time": "2021-04-13T18:55:56.566Z", "user": 1, "content_type": 7, "object_id": "14", "object_repr": "testusername", "action_flag": 3, "change_message": ""}}, {"model": "admin.logentry", "pk": 89, "fields": {"action_time": "2021-04-13T18:55:56.726Z", "user": 1, "content_type": 7, "object_id": "13", "object_repr": "testusername", "action_flag": 3, "change_message": ""}}, {"model": "admin.logentry", "pk": 90, "fields": {"action_time": "2021-04-13T18:55:56.801Z", "user": 1, "content_type": 7, "object_id": "12", "object_repr": "testusername", "action_flag": 3, "change_message": ""}}, {"model": "admin.logentry", "pk": 91, "fields": {"action_time": "2021-04-13T18:55:56.867Z", "user": 1, "content_type": 7, "object_id": "11", "object_repr": "testusername", "action_flag": 3, "change_message": ""}}, {"model": "admin.logentry", "pk": 92, "fields": {"action_time": "2021-04-13T18:55:56.923Z", "user": 1, "content_type": 7, "object_id": "10", "object_repr": "testusername", "action_flag": 3, "change_message": ""}}, {"model": "admin.logentry", "pk": 93, "fields": {"action_time": "2021-04-13T18:55:57.000Z", "user": 1, "content_type": 7, "object_id": "9", "object_repr": "testusername", "action_flag": 3, "change_message": ""}}, {"model": "admin.logentry", "pk": 94, "fields": {"action_time": "2021-04-13T18:55:57.133Z", "user": 1, "content_type": 7, "object_id": "8", "object_repr": "testusername", "action_flag": 3, "change_message": ""}}, {"model": "admin.logentry", "pk": 95, "fields": {"action_time": "2021-04-13T18:55:57.267Z", "user": 1, "content_type": 7, "object_id": "7", "object_repr": "testusername", "action_flag": 3, "change_message": ""}}, {"model": "admin.logentry", "pk": 96, "fields": {"action_time": "2021-04-13T18:55:57.421Z", "user": 1, "content_type": 7, "object_id": "6", "object_repr": "testusername", "action_flag": 3, "change_message": ""}}, {"model": "admin.logentry", "pk": 97, "fields": {"action_time": "2021-04-13T18:56:04.634Z", "user": 1, "content_type": 7, "object_id": "3", "object_repr": "aman ojha", "action_flag": 3, "change_message": ""}}, {"model": "admin.logentry", "pk": 98, "fields": {"action_time": "2021-04-13T18:58:41.203Z", "user": 1, "content_type": 4, "object_id": "17", "object_repr": "harsh@spsu.ac.in", "action_flag": 3, "change_message": ""}}, {"model": "admin.logentry", "pk": 99, "fields": {"action_time": "2021-04-13T18:58:41.291Z", "user": 1, "content_type": 4, "object_id": "16", "object_repr": "test@spsu.ac.in", "action_flag": 3, "change_message": ""}}, {"model": "admin.logentry", "pk": 100, "fields": {"action_time": "2021-04-14T06:57:04.041Z", "user": 1, "content_type": 14, "object_id": "1", "object_repr": "assignments object (1)", "action_flag": 2, "change_message": "[{\"changed\": {\"fields\": [\"Name\"]}}]"}}, {"model": "admin.logentry", "pk": 101, "fields": {"action_time": "2021-04-14T07:04:25.234Z", "user": 1, "content_type": 3, "object_id": "1", "object_repr": "student", "action_flag": 1, "change_message": "[{\"added\": {}}]"}}, {"model": "admin.logentry", "pk": 102, "fields": {"action_time": "2021-04-14T07:04:36.846Z", "user": 1, "content_type": 3, "object_id": "2", "object_repr": "teacher", "action_flag": 1, "change_message": "[{\"added\": {}}]"}}, {"model": "admin.logentry", "pk": 103, "fields": {"action_time": "2021-04-14T07:04:44.048Z", "user": 1, "content_type": 3, "object_id": "3", "object_repr": "admin", "action_flag": 1, "change_message": "[{\"added\": {}}]"}}, {"model": "admin.logentry", "pk": 104, "fields": {"action_time": "2021-04-14T07:07:17.639Z", "user": 1, "content_type": 4, "object_id": "2", "object_repr": "aniket.vyas@spsu.ac.in", "action_flag": 2, "change_message": "[{\"changed\": {\"fields\": [\"Groups\"]}}]"}}, {"model": "admin.logentry", "pk": 105, "fields": {"action_time": "2021-04-14T07:07:27.068Z", "user": 1, "content_type": 4, "object_id": "5", "object_repr": "aman.ojha@spsu.ac.in", "action_flag": 2, "change_message": "[{\"changed\": {\"fields\": [\"Groups\"]}}]"}}, {"model": "admin.logentry", "pk": 106, "fields": {"action_time": "2021-04-14T07:07:33.799Z", "user": 1, "content_type": 4, "object_id": "3", "object_repr": "noel.jolly@spsu.ac.in", "action_flag": 2, "change_message": "[{\"changed\": {\"fields\": [\"Groups\"]}}]"}}, {"model": "admin.logentry", "pk": 107, "fields": {"action_time": "2021-04-14T07:07:39.903Z", "user": 1, "content_type": 4, "object_id": "4", "object_repr": "saurabh.soni@spsu.ac.in", "action_flag": 2, "change_message": "[{\"changed\": {\"fields\": [\"Groups\"]}}]"}}, {"model": "admin.logentry", "pk": 108, "fields": {"action_time": "2021-04-14T07:08:01.411Z", "user": 1, "content_type": 4, "object_id": "1", "object_repr": "admin", "action_flag": 2, "change_message": "[{\"changed\": {\"fields\": [\"Groups\"]}}]"}}, {"model": "admin.logentry", "pk": 109, "fields": {"action_time": "2021-04-14T07:24:27.326Z", "user": 1, "content_type": 9, "object_id": "1", "object_repr": "Aniket Vyas", "action_flag": 2, "change_message": "[{\"changed\": {\"fields\": [\"Subject\"]}}]"}}, {"model": "admin.logentry", "pk": 110, "fields": {"action_time": "2021-04-14T09:37:10.944Z", "user": 1, "content_type": 14, "object_id": "2", "object_repr": "assignments object (2)", "action_flag": 3, "change_message": ""}}]